task,target,model,importance_type,feature,value
regression,forward_1w_return,ridge,coefficient,numeric__weekly_return,-0.0020942975
regression,forward_1w_return,ridge,coefficient,numeric__momentum_4w,0.0021833637
regression,forward_1w_return,ridge,coefficient,numeric__momentum_12w,0.0006513246
regression,forward_1w_return,ridge,coefficient,numeric__volatility_12w,0.0013484827
regression,forward_1w_return,ridge,coefficient,numeric__drawdown_from_52w_high,0.0011623695
regression,forward_1w_return,ridge,coefficient,numeric__sma_10_distance,-0.0038877671
regression,forward_1w_return,ridge,coefficient,numeric__sma_20_distance,0.0007728097
regression,forward_1w_return,ridge,coefficient,numeric__rsi_14,0.0012916723
regression,forward_1w_return,ridge,coefficient,numeric__macd,-0.0004788402
regression,forward_1w_return,ridge,coefficient,categorical__ticker_AAPL,0.0009449804
regression,forward_1w_return,ridge,coefficient,categorical__ticker_AMD,0.0054188795
regression,forward_1w_return,ridge,coefficient,categorical__ticker_AMZN,0.0019163704
regression,forward_1w_return,ridge,coefficient,categorical__ticker_ASML,0.002081202
regression,forward_1w_return,ridge,coefficient,categorical__ticker_AVGO,0.0024370491
regression,forward_1w_return,ridge,coefficient,categorical__ticker_AXP,-0.0009005539
regression,forward_1w_return,ridge,coefficient,categorical__ticker_BABA,-0.004805626
regression,forward_1w_return,ridge,coefficient,categorical__ticker_BAC,-0.0018271445
regression,forward_1w_return,ridge,coefficient,categorical__ticker_BYDDY,-0.0002456393
regression,forward_1w_return,ridge,coefficient,categorical__ticker_CAT,-0.0001318079
regression,forward_1w_return,ridge,coefficient,categorical__ticker_COST,0.0013427875
regression,forward_1w_return,ridge,coefficient,categorical__ticker_DE,0.0003262282
regression,forward_1w_return,ridge,coefficient,categorical__ticker_GE,-0.0033846201
regression,forward_1w_return,ridge,coefficient,categorical__ticker_GOOGL,0.0006476754
regression,forward_1w_return,ridge,coefficient,categorical__ticker_HD,0.00029879
regression,forward_1w_return,ridge,coefficient,categorical__ticker_HON,-0.0007651353
regression,forward_1w_return,ridge,coefficient,categorical__ticker_INTC,-0.002911131
regression,forward_1w_return,ridge,coefficient,categorical__ticker_JNJ,-0.0010356949
regression,forward_1w_return,ridge,coefficient,categorical__ticker_JPM,-0.0003708429
regression,forward_1w_return,ridge,coefficient,categorical__ticker_KO,-0.0012661668
regression,forward_1w_return,ridge,coefficient,categorical__ticker_MA,0.0012869038
regression,forward_1w_return,ridge,coefficient,categorical__ticker_MCD,0.000296445
regression,forward_1w_return,ridge,coefficient,categorical__ticker_META,0.0008863881
regression,forward_1w_return,ridge,coefficient,categorical__ticker_MRK,-0.0005482897
regression,forward_1w_return,ridge,coefficient,categorical__ticker_MSFT,0.0020567302
regression,forward_1w_return,ridge,coefficient,categorical__ticker_MU,-0.0020252471
regression,forward_1w_return,ridge,coefficient,categorical__ticker_NKE,-0.0013779103
regression,forward_1w_return,ridge,coefficient,categorical__ticker_NVDA,0.0069573013
regression,forward_1w_return,ridge,coefficient,categorical__ticker_PEP,-0.0007203286
regression,forward_1w_return,ridge,coefficient,categorical__ticker_PG,-0.000772465
regression,forward_1w_return,ridge,coefficient,categorical__ticker_QCOM,-0.0016347205
regression,forward_1w_return,ridge,coefficient,categorical__ticker_SBUX,-0.0011743034
regression,forward_1w_return,ridge,coefficient,categorical__ticker_TCEHY,-0.0018617258
regression,forward_1w_return,ridge,coefficient,categorical__ticker_TM,-0.0010924615
regression,forward_1w_return,ridge,coefficient,categorical__ticker_TSM,0.0009162711
regression,forward_1w_return,ridge,coefficient,categorical__ticker_UNH,0.0011412379
regression,forward_1w_return,ridge,coefficient,categorical__ticker_V,0.0007293089
regression,forward_1w_return,ridge,coefficient,categorical__ticker_WMT,-0.0008327344
regression,forward_1w_return,random_forest_regressor,feature_importance,numeric__weekly_return,0.151961893
regression,forward_1w_return,random_forest_regressor,feature_importance,numeric__momentum_4w,0.2258659629
regression,forward_1w_return,random_forest_regressor,feature_importance,numeric__momentum_12w,0.1169734485
regression,forward_1w_return,random_forest_regressor,feature_importance,numeric__volatility_12w,0.0527872152
regression,forward_1w_return,random_forest_regressor,feature_importance,numeric__drawdown_from_52w_high,0.0387802
regression,forward_1w_return,random_forest_regressor,feature_importance,numeric__sma_10_distance,0.2219463169
regression,forward_1w_return,random_forest_regressor,feature_importance,numeric__sma_20_distance,0.0984367896
regression,forward_1w_return,random_forest_regressor,feature_importance,numeric__rsi_14,0.0221578583
regression,forward_1w_return,random_forest_regressor,feature_importance,numeric__macd,0.0514768638
regression,forward_1w_return,random_forest_regressor,feature_importance,categorical__ticker_AAPL,0.0
regression,forward_1w_return,random_forest_regressor,feature_importance,categorical__ticker_AMD,0.0062227934
regression,forward_1w_return,random_forest_regressor,feature_importance,categorical__ticker_AMZN,0.0
regression,forward_1w_return,random_forest_regressor,feature_importance,categorical__ticker_ASML,0.0
regression,forward_1w_return,random_forest_regressor,feature_importance,categorical__ticker_AVGO,0.0
regression,forward_1w_return,random_forest_regressor,feature_importance,categorical__ticker_AXP,0.0009580329
regression,forward_1w_return,random_forest_regressor,feature_importance,categorical__ticker_BABA,0.0
regression,forward_1w_return,random_forest_regressor,feature_importance,categorical__ticker_BAC,0.0
regression,forward_1w_return,random_forest_regressor,feature_importance,categorical__ticker_BYDDY,0.0009928217
regression,forward_1w_return,random_forest_regressor,feature_importance,categorical__ticker_CAT,0.0
regression,forward_1w_return,random_forest_regressor,feature_importance,categorical__ticker_COST,0.0
regression,forward_1w_return,random_forest_regressor,feature_importance,categorical__ticker_DE,0.0
regression,forward_1w_return,random_forest_regressor,feature_importance,categorical__ticker_GE,0.0046380611
regression,forward_1w_return,random_forest_regressor,feature_importance,categorical__ticker_GOOGL,0.0
regression,forward_1w_return,random_forest_regressor,feature_importance,categorical__ticker_HD,0.0
regression,forward_1w_return,random_forest_regressor,feature_importance,categorical__ticker_HON,0.0
regression,forward_1w_return,random_forest_regressor,feature_importance,categorical__ticker_INTC,0.0
regression,forward_1w_return,random_forest_regressor,feature_importance,categorical__ticker_JNJ,0.0
regression,forward_1w_return,random_forest_regressor,feature_importance,categorical__ticker_JPM,0.0
regression,forward_1w_return,random_forest_regressor,feature_importance,categorical__ticker_KO,0.0
regression,forward_1w_return,random_forest_regressor,feature_importance,categorical__ticker_MA,0.0
regression,forward_1w_return,random_forest_regressor,feature_importance,categorical__ticker_MCD,0.0
regression,forward_1w_return,random_forest_regressor,feature_importance,categorical__ticker_META,0.0
regression,forward_1w_return,random_forest_regressor,feature_importance,categorical__ticker_MRK,0.0
regression,forward_1w_return,random_forest_regressor,feature_importance,categorical__ticker_MSFT,0.0
regression,forward_1w_return,random_forest_regressor,feature_importance,categorical__ticker_MU,0.0
regression,forward_1w_return,random_forest_regressor,feature_importance,categorical__ticker_NKE,0.0
regression,forward_1w_return,random_forest_regressor,feature_importance,categorical__ticker_NVDA,0.0066564898
regression,forward_1w_return,random_forest_regressor,feature_importance,categorical__ticker_PEP,0.0
regression,forward_1w_return,random_forest_regressor,feature_importance,categorical__ticker_PG,0.0
regression,forward_1w_return,random_forest_regressor,feature_importance,categorical__ticker_QCOM,0.0001452528
regression,forward_1w_return,random_forest_regressor,feature_importance,categorical__ticker_SBUX,0.0
regression,forward_1w_return,random_forest_regressor,feature_importance,categorical__ticker_TCEHY,0.0
regression,forward_1w_return,random_forest_regressor,feature_importance,categorical__ticker_TM,0.0
regression,forward_1w_return,random_forest_regressor,feature_importance,categorical__ticker_TSM,0.0
regression,forward_1w_return,random_forest_regressor,feature_importance,categorical__ticker_UNH,0.0
regression,forward_1w_return,random_forest_regressor,feature_importance,categorical__ticker_V,0.0
regression,forward_1w_return,random_forest_regressor,feature_importance,categorical__ticker_WMT,0.0
regression,forward_4w_return,ridge,coefficient,numeric__weekly_return,0.000210538
regression,forward_4w_return,ridge,coefficient,numeric__momentum_4w,-0.001519745
regression,forward_4w_return,ridge,coefficient,numeric__momentum_12w,0.0001292201
regression,forward_4w_return,ridge,coefficient,numeric__volatility_12w,0.0050133058
regression,forward_4w_return,ridge,coefficient,numeric__drawdown_from_52w_high,0.0032372296
regression,forward_4w_return,ridge,coefficient,numeric__sma_10_distance,-0.007651948
regression,forward_4w_return,ridge,coefficient,numeric__sma_20_distance,0.0049109898
regression,forward_4w_return,ridge,coefficient,numeric__rsi_14,0.0032644097
regression,forward_4w_return,ridge,coefficient,numeric__macd,-0.0014776905
regression,forward_4w_return,ridge,coefficient,categorical__ticker_AAPL,0.0040091523
regression,forward_4w_return,ridge,coefficient,categorical__ticker_AMD,0.0228624253
regression,forward_4w_return,ridge,coefficient,categorical__ticker_AMZN,0.0084765535
regression,forward_4w_return,ridge,coefficient,categorical__ticker_ASML,0.0075739655
regression,forward_4w_return,ridge,coefficient,categorical__ticker_AVGO,0.0088924124
regression,forward_4w_return,ridge,coefficient,categorical__ticker_AXP,-0.0041009602
regression,forward_4w_return,ridge,coefficient,categorical__ticker_BABA,-0.0180154615
regression,forward_4w_return,ridge,coefficient,categorical__ticker_BAC,-0.0059634307
regression,forward_4w_return,ridge,coefficient,categorical__ticker_BYDDY,0.0030637004
regression,forward_4w_return,ridge,coefficient,categorical__ticker_CAT,5.76616e-05
regression,forward_4w_return,ridge,coefficient,categorical__ticker_COST,0.0044298748
regression,forward_4w_return,ridge,coefficient,categorical__ticker_DE,0.0008470743
regression,forward_4w_return,ridge,coefficient,categorical__ticker_GE,-0.0108363325
regression,forward_4w_return,ridge,coefficient,categorical__ticker_GOOGL,0.0024864189
regression,forward_4w_return,ridge,coefficient,categorical__ticker_HD,0.0003689918
regression,forward_4w_return,ridge,coefficient,categorical__ticker_HON,-0.0038878308
regression,forward_4w_return,ridge,coefficient,categorical__ticker_INTC,-0.0118057646
regression,forward_4w_return,ridge,coefficient,categorical__ticker_JNJ,-0.0052818866
regression,forward_4w_return,ridge,coefficient,categorical__ticker_JPM,-0.0011519823
regression,forward_4w_return,ridge,coefficient,categorical__ticker_KO,-0.0061459803
regression,forward_4w_return,ridge,coefficient,categorical__ticker_MA,0.0042973754
regression,forward_4w_return,ridge,coefficient,categorical__ticker_MCD,0.0002610558
regression,forward_4w_return,ridge,coefficient,categorical__ticker_META,0.0035488225
regression,forward_4w_return,ridge,coefficient,categorical__ticker_MRK,-0.0036853383
regression,forward_4w_return,ridge,coefficient,categorical__ticker_MSFT,0.0075989792
regression,forward_4w_return,ridge,coefficient,categorical__ticker_MU,-0.0058239294
regression,forward_4w_return,ridge,coefficient,categorical__ticker_NKE,-0.0060920481
regression,forward_4w_return,ridge,coefficient,categorical__ticker_NVDA,0.0306929692
regression,forward_4w_return,ridge,coefficient,categorical__ticker_PEP,-0.003957821
regression,forward_4w_return,ridge,coefficient,categorical__ticker_PG,-0.0041415486
regression,forward_4w_return,ridge,coefficient,categorical__ticker_QCOM,-0.0055833536
regression,forward_4w_return,ridge,coefficient,categorical__ticker_SBUX,-0.005199605
regression,forward_4w_return,ridge,coefficient,categorical__ticker_TCEHY,-0.0070391599
regression,forward_4w_return,ridge,coefficient,categorical__ticker_TM,-0.0050105101
regression,forward_4w_return,ridge,coefficient,categorical__ticker_TSM,0.0036568436
regression,forward_4w_return,ridge,coefficient,categorical__ticker_UNH,0.0027592625
regression,forward_4w_return,ridge,coefficient,categorical__ticker_V,0.0020908372
regression,forward_4w_return,ridge,coefficient,categorical__ticker_WMT,-0.0042514327
regression,forward_4w_return,random_forest_regressor,feature_importance,numeric__weekly_return,0.0592244496
regression,forward_4w_return,random_forest_regressor,feature_importance,numeric__momentum_4w,0.0829381176
regression,forward_4w_return,random_forest_regressor,feature_importance,numeric__momentum_12w,0.1136799327
regression,forward_4w_return,random_forest_regressor,feature_importance,numeric__volatility_12w,0.1807094061
regression,forward_4w_return,random_forest_regressor,feature_importance,numeric__drawdown_from_52w_high,0.0464854936
regression,forward_4w_return,random_forest_regressor,feature_importance,numeric__sma_10_distance,0.0676954925
regression,forward_4w_return,random_forest_regressor,feature_importance,numeric__sma_20_distance,0.1650943694
regression,forward_4w_return,random_forest_regressor,feature_importance,numeric__rsi_14,0.0404280999
regression,forward_4w_return,random_forest_regressor,feature_importance,numeric__macd,0.1075167804
regression,forward_4w_return,random_forest_regressor,feature_importance,categorical__ticker_AAPL,0.0
regression,forward_4w_return,random_forest_regressor,feature_importance,categorical__ticker_AMD,0.0252504954
regression,forward_4w_return,random_forest_regressor,feature_importance,categorical__ticker_AMZN,0.0006336595
regression,forward_4w_return,random_forest_regressor,feature_importance,categorical__ticker_ASML,0.000915995
regression,forward_4w_return,random_forest_regressor,feature_importance,categorical__ticker_AVGO,0.0
regression,forward_4w_return,random_forest_regressor,feature_importance,categorical__ticker_AXP,0.0
regression,forward_4w_return,random_forest_regressor,feature_importance,categorical__ticker_BABA,0.0034481675
regression,forward_4w_return,random_forest_regressor,feature_importance,categorical__ticker_BAC,0.0
regression,forward_4w_return,random_forest_regressor,feature_importance,categorical__ticker_BYDDY,0.0026656541
regression,forward_4w_return,random_forest_regressor,feature_importance,categorical__ticker_CAT,0.0
regression,forward_4w_return,random_forest_regressor,feature_importance,categorical__ticker_COST,0.0
regression,forward_4w_return,random_forest_regressor,feature_importance,categorical__ticker_DE,0.0
regression,forward_4w_return,random_forest_regressor,feature_importance,categorical__ticker_GE,0.0030101369
regression,forward_4w_return,random_forest_regressor,feature_importance,categorical__ticker_GOOGL,0.0
regression,forward_4w_return,random_forest_regressor,feature_importance,categorical__ticker_HD,0.0
regression,forward_4w_return,random_forest_regressor,feature_importance,categorical__ticker_HON,0.0
regression,forward_4w_return,random_forest_regressor,feature_importance,categorical__ticker_INTC,0.0
regression,forward_4w_return,random_forest_regressor,feature_importance,categorical__ticker_JNJ,0.0
regression,forward_4w_return,random_forest_regressor,feature_importance,categorical__ticker_JPM,0.0
regression,forward_4w_return,random_forest_regressor,feature_importance,categorical__ticker_KO,0.0
regression,forward_4w_return,random_forest_regressor,feature_importance,categorical__ticker_MA,0.0
regression,forward_4w_return,random_forest_regressor,feature_importance,categorical__ticker_MCD,0.0
regression,forward_4w_return,random_forest_regressor,feature_importance,categorical__ticker_META,0.0003849353
regression,forward_4w_return,random_forest_regressor,feature_importance,categorical__ticker_MRK,0.0
regression,forward_4w_return,random_forest_regressor,feature_importance,categorical__ticker_MSFT,0.0
regression,forward_4w_return,random_forest_regressor,feature_importance,categorical__ticker_MU,0.0029449751
regression,forward_4w_return,random_forest_regressor,feature_importance,categorical__ticker_NKE,0.0
regression,forward_4w_return,random_forest_regressor,feature_importance,categorical__ticker_NVDA,0.0969738393
regression,forward_4w_return,random_forest_regressor,feature_importance,categorical__ticker_PEP,0.0
regression,forward_4w_return,random_forest_regressor,feature_importance,categorical__ticker_PG,0.0
regression,forward_4w_return,random_forest_regressor,feature_importance,categorical__ticker_QCOM,0.0
regression,forward_4w_return,random_forest_regressor,feature_importance,categorical__ticker_SBUX,0.0
regression,forward_4w_return,random_forest_regressor,feature_importance,categorical__ticker_TCEHY,0.0
regression,forward_4w_return,random_forest_regressor,feature_importance,categorical__ticker_TM,0.0
regression,forward_4w_return,random_forest_regressor,feature_importance,categorical__ticker_TSM,0.0
regression,forward_4w_return,random_forest_regressor,feature_importance,categorical__ticker_UNH,0.0
regression,forward_4w_return,random_forest_regressor,feature_importance,categorical__ticker_V,0.0
regression,forward_4w_return,random_forest_regressor,feature_importance,categorical__ticker_WMT,0.0
regression,forward_12w_return,ridge,coefficient,numeric__weekly_return,-0.0013978797
regression,forward_12w_return,ridge,coefficient,numeric__momentum_4w,-0.0016720192
regression,forward_12w_return,ridge,coefficient,numeric__momentum_12w,0.0038180955
regression,forward_12w_return,ridge,coefficient,numeric__volatility_12w,0.0181549828
regression,forward_12w_return,ridge,coefficient,numeric__drawdown_from_52w_high,0.0026436769
regression,forward_12w_return,ridge,coefficient,numeric__sma_10_distance,-0.013708949
regression,forward_12w_return,ridge,coefficient,numeric__sma_20_distance,0.013483416
regression,forward_12w_return,ridge,coefficient,numeric__rsi_14,-0.0002530244
regression,forward_12w_return,ridge,coefficient,numeric__macd,-0.0028703284
regression,forward_12w_return,ridge,coefficient,categorical__ticker_AAPL,0.0116129056
regression,forward_12w_return,ridge,coefficient,categorical__ticker_AMD,0.0589767103
regression,forward_12w_return,ridge,coefficient,categorical__ticker_AMZN,0.0238309083
regression,forward_12w_return,ridge,coefficient,categorical__ticker_ASML,0.0187064319
regression,forward_12w_return,ridge,coefficient,categorical__ticker_AVGO,0.0215400375
regression,forward_12w_return,ridge,coefficient,categorical__ticker_AXP,-0.0114836951
regression,forward_12w_return,ridge,coefficient,categorical__ticker_BABA,-0.0486375493
regression,forward_12w_return,ridge,coefficient,categorical__ticker_BAC,-0.0169811032
regression,forward_12w_return,ridge,coefficient,categorical__ticker_BYDDY,0.0127874833
regression,forward_12w_return,ridge,coefficient,categorical__ticker_CAT,-0.0002776212
regression,forward_12w_return,ridge,coefficient,categorical__ticker_COST,0.0124000927
regression,forward_12w_return,ridge,coefficient,categorical__ticker_DE,0.0009012509
regression,forward_12w_return,ridge,coefficient,categorical__ticker_GE,-0.0246084327
regression,forward_12w_return,ridge,coefficient,categorical__ticker_GOOGL,0.0077878735
regression,forward_12w_return,ridge,coefficient,categorical__ticker_HD,-0.0026523623
regression,forward_12w_return,ridge,coefficient,categorical__ticker_HON,-0.0129260075
regression,forward_12w_return,ridge,coefficient,categorical__ticker_INTC,-0.038202191
regression,forward_12w_return,ridge,coefficient,categorical__ticker_JNJ,-0.0172431504
regression,forward_12w_return,ridge,coefficient,categorical__ticker_JPM,-0.0032801542
regression,forward_12w_return,ridge,coefficient,categorical__ticker_KO,-0.0183604517
regression,forward_12w_return,ridge,coefficient,categorical__ticker_MA,0.0106422294
regression,forward_12w_return,ridge,coefficient,categorical__ticker_MCD,-0.000180599
regression,forward_12w_return,ridge,coefficient,categorical__ticker_META,0.0134986318
regression,forward_12w_return,ridge,coefficient,categorical__ticker_MRK,-0.010610483
regression,forward_12w_return,ridge,coefficient,categorical__ticker_MSFT,0.0247677764
regression,forward_12w_return,ridge,coefficient,categorical__ticker_MU,-0.0113769516
regression,forward_12w_return,ridge,coefficient,categorical__ticker_NKE,-0.0192200501
regression,forward_12w_return,ridge,coefficient,categorical__ticker_NVDA,0.0958776541
regression,forward_12w_return,ridge,coefficient,categorical__ticker_PEP,-0.0121527559
regression,forward_12w_return,ridge,coefficient,categorical__ticker_PG,-0.0112280971
regression,forward_12w_return,ridge,coefficient,categorical__ticker_QCOM,-0.0163743483
regression,forward_12w_return,ridge,coefficient,categorical__ticker_SBUX,-0.0178598147
regression,forward_12w_return,ridge,coefficient,categorical__ticker_TCEHY,-0.0147213363
regression,forward_12w_return,ridge,coefficient,categorical__ticker_TM,-0.0161297786
regression,forward_12w_return,ridge,coefficient,categorical__ticker_TSM,0.0123814966
regression,forward_12w_return,ridge,coefficient,categorical__ticker_UNH,0.0047092688
regression,forward_12w_return,ridge,coefficient,categorical__ticker_V,0.0052343467
regression,forward_12w_return,ridge,coefficient,categorical__ticker_WMT,-0.0111481645
regression,forward_12w_return,random_forest_regressor,feature_importance,numeric__weekly_return,0.007766757
regression,forward_12w_return,random_forest_regressor,feature_importance,numeric__momentum_4w,0.009676738
regression,forward_12w_return,random_forest_regressor,feature_importance,numeric__momentum_12w,0.0350169901
regression,forward_12w_return,random_forest_regressor,feature_importance,numeric__volatility_12w,0.2951871674
regression,forward_12w_return,random_forest_regressor,feature_importance,numeric__drawdown_from_52w_high,0.0289236693
regression,forward_12w_return,random_forest_regressor,feature_importance,numeric__sma_10_distance,0.0701050885
regression,forward_12w_return,random_forest_regressor,feature_importance,numeric__sma_20_distance,0.0660291015
regression,forward_12w_return,random_forest_regressor,feature_importance,numeric__rsi_14,0.040960011
regression,forward_12w_return,random_forest_regressor,feature_importance,numeric__macd,0.2264338432
regression,forward_12w_return,random_forest_regressor,feature_importance,categorical__ticker_AAPL,0.0
regression,forward_12w_return,random_forest_regressor,feature_importance,categorical__ticker_AMD,0.044431376
regression,forward_12w_return,random_forest_regressor,feature_importance,categorical__ticker_AMZN,0.0
regression,forward_12w_return,random_forest_regressor,feature_importance,categorical__ticker_ASML,0.0
regression,forward_12w_return,random_forest_regressor,feature_importance,categorical__ticker_AVGO,0.0
regression,forward_12w_return,random_forest_regressor,feature_importance,categorical__ticker_AXP,0.0
regression,forward_12w_return,random_forest_regressor,feature_importance,categorical__ticker_BABA,0.0001801966
regression,forward_12w_return,random_forest_regressor,feature_importance,categorical__ticker_BAC,0.0
regression,forward_12w_return,random_forest_regressor,feature_importance,categorical__ticker_BYDDY,0.0124458802
regression,forward_12w_return,random_forest_regressor,feature_importance,categorical__ticker_CAT,0.0
regression,forward_12w_return,random_forest_regressor,feature_importance,categorical__ticker_COST,0.0
regression,forward_12w_return,random_forest_regressor,feature_importance,categorical__ticker_DE,0.0003145133
regression,forward_12w_return,random_forest_regressor,feature_importance,categorical__ticker_GE,0.0011491005
regression,forward_12w_return,random_forest_regressor,feature_importance,categorical__ticker_GOOGL,0.0
regression,forward_12w_return,random_forest_regressor,feature_importance,categorical__ticker_HD,0.0
regression,forward_12w_return,random_forest_regressor,feature_importance,categorical__ticker_HON,0.0
regression,forward_12w_return,random_forest_regressor,feature_importance,categorical__ticker_INTC,0.0
regression,forward_12w_return,random_forest_regressor,feature_importance,categorical__ticker_JNJ,0.0
regression,forward_12w_return,random_forest_regressor,feature_importance,categorical__ticker_JPM,0.0
regression,forward_12w_return,random_forest_regressor,feature_importance,categorical__ticker_KO,0.0
regression,forward_12w_return,random_forest_regressor,feature_importance,categorical__ticker_MA,0.0
regression,forward_12w_return,random_forest_regressor,feature_importance,categorical__ticker_MCD,0.0
regression,forward_12w_return,random_forest_regressor,feature_importance,categorical__ticker_META,0.0089777621
regression,forward_12w_return,random_forest_regressor,feature_importance,categorical__ticker_MRK,0.0
regression,forward_12w_return,random_forest_regressor,feature_importance,categorical__ticker_MSFT,0.0
regression,forward_12w_return,random_forest_regressor,feature_importance,categorical__ticker_MU,0.0013717111
regression,forward_12w_return,random_forest_regressor,feature_importance,categorical__ticker_NKE,0.0
regression,forward_12w_return,random_forest_regressor,feature_importance,categorical__ticker_NVDA,0.1509405538
regression,forward_12w_return,random_forest_regressor,feature_importance,categorical__ticker_PEP,0.0
regression,forward_12w_return,random_forest_regressor,feature_importance,categorical__ticker_PG,0.0
regression,forward_12w_return,random_forest_regressor,feature_importance,categorical__ticker_QCOM,8.95403e-05
regression,forward_12w_return,random_forest_regressor,feature_importance,categorical__ticker_SBUX,0.0
regression,forward_12w_return,random_forest_regressor,feature_importance,categorical__ticker_TCEHY,0.0
regression,forward_12w_return,random_forest_regressor,feature_importance,categorical__ticker_TM,0.0
regression,forward_12w_return,random_forest_regressor,feature_importance,categorical__ticker_TSM,0.0
regression,forward_12w_return,random_forest_regressor,feature_importance,categorical__ticker_UNH,0.0
regression,forward_12w_return,random_forest_regressor,feature_importance,categorical__ticker_V,0.0
regression,forward_12w_return,random_forest_regressor,feature_importance,categorical__ticker_WMT,0.0
classification,forward_4w_positive,logistic_regression,coefficient,numeric__weekly_return,0.0200226479
classification,forward_4w_positive,logistic_regression,coefficient,numeric__momentum_4w,-0.017204316
classification,forward_4w_positive,logistic_regression,coefficient,numeric__momentum_12w,0.0322292537
classification,forward_4w_positive,logistic_regression,coefficient,numeric__volatility_12w,-0.018747285
classification,forward_4w_positive,logistic_regression,coefficient,numeric__drawdown_from_52w_high,0.061757769
classification,forward_4w_positive,logistic_regression,coefficient,numeric__sma_10_distance,-0.0947973294
classification,forward_4w_positive,logistic_regression,coefficient,numeric__sma_20_distance,0.0742268384
classification,forward_4w_positive,logistic_regression,coefficient,numeric__rsi_14,0.0365598866
classification,forward_4w_positive,logistic_regression,coefficient,numeric__macd,-0.0254561488
classification,forward_4w_positive,logistic_regression,coefficient,categorical__ticker_AAPL,0.1566152058
classification,forward_4w_positive,logistic_regression,coefficient,categorical__ticker_AMD,-0.1206351636
classification,forward_4w_positive,logistic_regression,coefficient,categorical__ticker_AMZN,0.2829951713
classification,forward_4w_positive,logistic_regression,coefficient,categorical__ticker_ASML,0.0558545892
classification,forward_4w_positive,logistic_regression,coefficient,categorical__ticker_AVGO,0.1826881107
classification,forward_4w_positive,logistic_regression,coefficient,categorical__ticker_AXP,-0.0024841471
classification,forward_4w_positive,logistic_regression,coefficient,categorical__ticker_BABA,-0.3776031507
classification,forward_4w_positive,logistic_regression,coefficient,categorical__ticker_BAC,-0.1168919004
classification,forward_4w_positive,logistic_regression,coefficient,categorical__ticker_BYDDY,-0.2643347759
classification,forward_4w_positive,logistic_regression,coefficient,categorical__ticker_CAT,0.0519644106
classification,forward_4w_positive,logistic_regression,coefficient,categorical__ticker_COST,0.3367046264
classification,forward_4w_positive,logistic_regression,coefficient,categorical__ticker_DE,0.0990581124
classification,forward_4w_positive,logistic_regression,coefficient,categorical__ticker_GE,-0.3682086412
classification,forward_4w_positive,logistic_regression,coefficient,categorical__ticker_GOOGL,0.164610446
classification,forward_4w_positive,logistic_regression,coefficient,categorical__ticker_HD,0.059573498
classification,forward_4w_positive,logistic_regression,coefficient,categorical__ticker_HON,0.0248237886
classification,forward_4w_positive,logistic_regression,coefficient,categorical__ticker_INTC,-0.1947227465
classification,forward_4w_positive,logistic_regression,coefficient,categorical__ticker_JNJ,-0.0974254929
classification,forward_4w_positive,logistic_regression,coefficient,categorical__ticker_JPM,0.0664691022
classification,forward_4w_positive,logistic_regression,coefficient,categorical__ticker_KO,-0.1350539349
classification,forward_4w_positive,logistic_regression,coefficient,categorical__ticker_MA,0.3150223499
classification,forward_4w_positive,logistic_regression,coefficient,categorical__ticker_MCD,0.1134209326
classification,forward_4w_positive,logistic_regression,coefficient,categorical__ticker_META,0.1898953945
classification,forward_4w_positive,logistic_regression,coefficient,categorical__ticker_MRK,-0.0860150736
classification,forward_4w_positive,logistic_regression,coefficient,categorical__ticker_MSFT,0.2669153553
classification,forward_4w_positive,logistic_regression,coefficient,categorical__ticker_MU,-0.2821307517
classification,forward_4w_positive,logistic_regression,coefficient,categorical__ticker_NKE,-0.1465483921
classification,forward_4w_positive,logistic_regression,coefficient,categorical__ticker_NVDA,0.3267941271
classification,forward_4w_positive,logistic_regression,coefficient,categorical__ticker_PEP,-0.0194167823
classification,forward_4w_positive,logistic_regression,coefficient,categorical__ticker_PG,0.0240087076
classification,forward_4w_positive,logistic_regression,coefficient,categorical__ticker_QCOM,-0.3238588104
classification,forward_4w_positive,logistic_regression,coefficient,categorical__ticker_SBUX,-0.1181026962
classification,forward_4w_positive,logistic_regression,coefficient,categorical__ticker_TCEHY,-0.2498213834
classification,forward_4w_positive,logistic_regression,coefficient,categorical__ticker_TM,-0.2370394897
classification,forward_4w_positive,logistic_regression,coefficient,categorical__ticker_TSM,0.0093061827
classification,forward_4w_positive,logistic_regression,coefficient,categorical__ticker_UNH,0.1399906651
classification,forward_4w_positive,logistic_regression,coefficient,categorical__ticker_V,0.2631944574
classification,forward_4w_positive,logistic_regression,coefficient,categorical__ticker_WMT,0.0135661078
classification,forward_4w_positive,random_forest_classifier,feature_importance,numeric__weekly_return,0.0600338878
classification,forward_4w_positive,random_forest_classifier,feature_importance,numeric__momentum_4w,0.0769533292
classification,forward_4w_positive,random_forest_classifier,feature_importance,numeric__momentum_12w,0.0902809408
classification,forward_4w_positive,random_forest_classifier,feature_importance,numeric__volatility_12w,0.1252624982
classification,forward_4w_positive,random_forest_classifier,feature_importance,numeric__drawdown_from_52w_high,0.0590597992
classification,forward_4w_positive,random_forest_classifier,feature_importance,numeric__sma_10_distance,0.0690716249
classification,forward_4w_positive,random_forest_classifier,feature_importance,numeric__sma_20_distance,0.0759365585
classification,forward_4w_positive,random_forest_classifier,feature_importance,numeric__rsi_14,0.1218051525
classification,forward_4w_positive,random_forest_classifier,feature_importance,numeric__macd,0.0940589867
classification,forward_4w_positive,random_forest_classifier,feature_importance,categorical__ticker_AAPL,0.0013715591
classification,forward_4w_positive,random_forest_classifier,feature_importance,categorical__ticker_AMD,0.0037781138
classification,forward_4w_positive,random_forest_classifier,feature_importance,categorical__ticker_AMZN,0.0152343757
classification,forward_4w_positive,random_forest_classifier,feature_importance,categorical__ticker_ASML,0.0013392606
classification,forward_4w_positive,random_forest_classifier,feature_importance,categorical__ticker_AVGO,0.0025773508
classification,forward_4w_positive,random_forest_classifier,feature_importance,categorical__ticker_AXP,0.0005975235
classification,forward_4w_positive,random_forest_classifier,feature_importance,categorical__ticker_BABA,0.0272982048
classification,forward_4w_positive,random_forest_classifier,feature_importance,categorical__ticker_BAC,0.0022328485
classification,forward_4w_positive,random_forest_classifier,feature_importance,categorical__ticker_BYDDY,0.0077686074
classification,forward_4w_positive,random_forest_classifier,feature_importance,categorical__ticker_CAT,0.002629416
classification,forward_4w_positive,random_forest_classifier,feature_importance,categorical__ticker_COST,0.0161112958
classification,forward_4w_positive,random_forest_classifier,feature_importance,categorical__ticker_DE,0.0010814418
classification,forward_4w_positive,random_forest_classifier,feature_importance,categorical__ticker_GE,0.0264435352
classification,forward_4w_positive,random_forest_classifier,feature_importance,categorical__ticker_GOOGL,0.0044121077
classification,forward_4w_positive,random_forest_classifier,feature_importance,categorical__ticker_HD,0.0019596054
classification,forward_4w_positive,random_forest_classifier,feature_importance,categorical__ticker_HON,0.0008562743
classification,forward_4w_positive,random_forest_classifier,feature_importance,categorical__ticker_INTC,0.0014418953
classification,forward_4w_positive,random_forest_classifier,feature_importance,categorical__ticker_JNJ,0.0018008488
classification,forward_4w_positive,random_forest_classifier,feature_importance,categorical__ticker_JPM,0.0034312617
classification,forward_4w_positive,random_forest_classifier,feature_importance,categorical__ticker_KO,0.0073798119
classification,forward_4w_positive,random_forest_classifier,feature_importance,categorical__ticker_MA,0.0114360399
classification,forward_4w_positive,random_forest_classifier,feature_importance,categorical__ticker_MCD,0.0010938726
classification,forward_4w_positive,random_forest_classifier,feature_importance,categorical__ticker_META,0.0051637465
classification,forward_4w_positive,random_forest_classifier,feature_importance,categorical__ticker_MRK,0.0006335652
classification,forward_4w_positive,random_forest_classifier,feature_importance,categorical__ticker_MSFT,0.0130222434
classification,forward_4w_positive,random_forest_classifier,feature_importance,categorical__ticker_MU,0.0054830833
classification,forward_4w_positive,random_forest_classifier,feature_importance,categorical__ticker_NKE,0.0016220419
classification,forward_4w_positive,random_forest_classifier,feature_importance,categorical__ticker_NVDA,0.0225220928
classification,forward_4w_positive,random_forest_classifier,feature_importance,categorical__ticker_PEP,0.001943843
classification,forward_4w_positive,random_forest_classifier,feature_importance,categorical__ticker_PG,0.000972506
classification,forward_4w_positive,random_forest_classifier,feature_importance,categorical__ticker_QCOM,0.0104886491
classification,forward_4w_positive,random_forest_classifier,feature_importance,categorical__ticker_SBUX,0.0006800461
classification,forward_4w_positive,random_forest_classifier,feature_importance,categorical__ticker_TCEHY,0.0070683645
classification,forward_4w_positive,random_forest_classifier,feature_importance,categorical__ticker_TM,0.005322163
classification,forward_4w_positive,random_forest_classifier,feature_importance,categorical__ticker_TSM,0.0012013236
classification,forward_4w_positive,random_forest_classifier,feature_importance,categorical__ticker_UNH,0.002840525
classification,forward_4w_positive,random_forest_classifier,feature_importance,categorical__ticker_V,0.0057899546
classification,forward_4w_positive,random_forest_classifier,feature_importance,categorical__ticker_WMT,0.0005078239
classification,forward_12w_positive,logistic_regression,coefficient,numeric__weekly_return,-0.0185734825
classification,forward_12w_positive,logistic_regression,coefficient,numeric__momentum_4w,0.0224836449
classification,forward_12w_positive,logistic_regression,coefficient,numeric__momentum_12w,0.0010114759
classification,forward_12w_positive,logistic_regression,coefficient,numeric__volatility_12w,0.095280671
classification,forward_12w_positive,logistic_regression,coefficient,numeric__drawdown_from_52w_high,0.0299144352
classification,forward_12w_positive,logistic_regression,coefficient,numeric__sma_10_distance,-0.168611342
classification,forward_12w_positive,logistic_regression,coefficient,numeric__sma_20_distance,0.1726987611
classification,forward_12w_positive,logistic_regression,coefficient,numeric__rsi_14,-0.0337422809
classification,forward_12w_positive,logistic_regression,coefficient,numeric__macd,-0.048412305
classification,forward_12w_positive,logistic_regression,coefficient,categorical__ticker_AAPL,0.1234580761
classification,forward_12w_positive,logistic_regression,coefficient,categorical__ticker_AMD,-0.1422668507
classification,forward_12w_positive,logistic_regression,coefficient,categorical__ticker_AMZN,0.2855592017
classification,forward_12w_positive,logistic_regression,coefficient,categorical__ticker_ASML,0.2092557216
classification,forward_12w_positive,logistic_regression,coefficient,categorical__ticker_AVGO,0.348200522
classification,forward_12w_positive,logistic_regression,coefficient,categorical__ticker_AXP,0.0300429152
classification,forward_12w_positive,logistic_regression,coefficient,categorical__ticker_BABA,-0.7094330536
classification,forward_12w_positive,logistic_regression,coefficient,categorical__ticker_BAC,-0.1339711593
classification,forward_12w_positive,logistic_regression,coefficient,categorical__ticker_BYDDY,-0.5299058235
classification,forward_12w_positive,logistic_regression,coefficient,categorical__ticker_CAT,-0.1830877297
classification,forward_12w_positive,logistic_regression,coefficient,categorical__ticker_COST,0.3112231654
classification,forward_12w_positive,logistic_regression,coefficient,categorical__ticker_DE,0.0383282993
classification,forward_12w_positive,logistic_regression,coefficient,categorical__ticker_GE,-0.5966964233
classification,forward_12w_positive,logistic_regression,coefficient,categorical__ticker_GOOGL,0.267524476
classification,forward_12w_positive,logistic_regression,coefficient,categorical__ticker_HD,0.0852066538
classification,forward_12w_positive,logistic_regression,coefficient,categorical__ticker_HON,-0.0207080837
classification,forward_12w_positive,logistic_regression,coefficient,categorical__ticker_INTC,-0.5880851579
classification,forward_12w_positive,logistic_regression,coefficient,categorical__ticker_JNJ,-0.1869800076
classification,forward_12w_positive,logistic_regression,coefficient,categorical__ticker_JPM,0.2155948652
classification,forward_12w_positive,logistic_regression,coefficient,categorical__ticker_KO,-0.0423028132
classification,forward_12w_positive,logistic_regression,coefficient,categorical__ticker_MA,0.5528709396
classification,forward_12w_positive,logistic_regression,coefficient,categorical__ticker_MCD,0.1969725287
classification,forward_12w_positive,logistic_regression,coefficient,categorical__ticker_META,0.17132935
classification,forward_12w_positive,logistic_regression,coefficient,categorical__ticker_MRK,-0.0093567211
classification,forward_12w_positive,logistic_regression,coefficient,categorical__ticker_MSFT,0.6856188838
classification,forward_12w_positive,logistic_regression,coefficient,categorical__ticker_MU,-0.2512293916
classification,forward_12w_positive,logistic_regression,coefficient,categorical__ticker_NKE,-0.2684860871
classification,forward_12w_positive,logistic_regression,coefficient,categorical__ticker_NVDA,0.3878471573
classification,forward_12w_positive,logistic_regression,coefficient,categorical__ticker_PEP,0.0045373337
classification,forward_12w_positive,logistic_regression,coefficient,categorical__ticker_PG,-0.0272078915
classification,forward_12w_positive,logistic_regression,coefficient,categorical__ticker_QCOM,-0.4715994708
classification,forward_12w_positive,logistic_regression,coefficient,categorical__ticker_SBUX,-0.1368145105
classification,forward_12w_positive,logistic_regression,coefficient,categorical__ticker_TCEHY,-0.4717249536
classification,forward_12w_positive,logistic_regression,coefficient,categorical__ticker_TM,-0.1577123467
classification,forward_12w_positive,logistic_regression,coefficient,categorical__ticker_TSM,0.0369765821
classification,forward_12w_positive,logistic_regression,coefficient,categorical__ticker_UNH,0.3901549917
classification,forward_12w_positive,logistic_regression,coefficient,categorical__ticker_V,0.5639894035
classification,forward_12w_positive,logistic_regression,coefficient,categorical__ticker_WMT,0.0359899203
classification,forward_12w_positive,random_forest_classifier,feature_importance,numeric__weekly_return,0.0334309194
classification,forward_12w_positive,random_forest_classifier,feature_importance,numeric__momentum_4w,0.0459884439
classification,forward_12w_positive,random_forest_classifier,feature_importance,numeric__momentum_12w,0.0525538525
classification,forward_12w_positive,random_forest_classifier,feature_importance,numeric__volatility_12w,0.1839915142
classification,forward_12w_positive,random_forest_classifier,feature_importance,numeric__drawdown_from_52w_high,0.0647356789
classification,forward_12w_positive,random_forest_classifier,feature_importance,numeric__sma_10_distance,0.0445427486
classification,forward_12w_positive,random_forest_classifier,feature_importance,numeric__sma_20_distance,0.0546483285
classification,forward_12w_positive,random_forest_classifier,feature_importance,numeric__rsi_14,0.0549490644
classification,forward_12w_positive,random_forest_classifier,feature_importance,numeric__macd,0.1269410638
classification,forward_12w_positive,random_forest_classifier,feature_importance,categorical__ticker_AAPL,0.0
classification,forward_12w_positive,random_forest_classifier,feature_importance,categorical__ticker_AMD,0.0005541066
classification,forward_12w_positive,random_forest_classifier,feature_importance,categorical__ticker_AMZN,0.0054734544
classification,forward_12w_positive,random_forest_classifier,feature_importance,categorical__ticker_ASML,0.0015703319
classification,forward_12w_positive,random_forest_classifier,feature_importance,categorical__ticker_AVGO,0.0078210275
classification,forward_12w_positive,random_forest_classifier,feature_importance,categorical__ticker_AXP,3.43365e-05
classification,forward_12w_positive,random_forest_classifier,feature_importance,categorical__ticker_BABA,0.0546082306
classification,forward_12w_positive,random_forest_classifier,feature_importance,categorical__ticker_BAC,0.000776712
classification,forward_12w_positive,random_forest_classifier,feature_importance,categorical__ticker_BYDDY,0.0105524986
classification,forward_12w_positive,random_forest_classifier,feature_importance,categorical__ticker_CAT,0.0002459395
classification,forward_12w_positive,random_forest_classifier,feature_importance,categorical__ticker_COST,0.0012838604
classification,forward_12w_positive,random_forest_classifier,feature_importance,categorical__ticker_DE,0.000335925
classification,forward_12w_positive,random_forest_classifier,feature_importance,categorical__ticker_GE,0.0358599416
classification,forward_12w_positive,random_forest_classifier,feature_importance,categorical__ticker_GOOGL,0.0009158603
classification,forward_12w_positive,random_forest_classifier,feature_importance,categorical__ticker_HD,0.0004842528
classification,forward_12w_positive,random_forest_classifier,feature_importance,categorical__ticker_HON,0.0003792692
classification,forward_12w_positive,random_forest_classifier,feature_importance,categorical__ticker_INTC,0.0404808417
classification,forward_12w_positive,random_forest_classifier,feature_importance,categorical__ticker_JNJ,0.0033609531
classification,forward_12w_positive,random_forest_classifier,feature_importance,categorical__ticker_JPM,0.0017744385
classification,forward_12w_positive,random_forest_classifier,feature_importance,categorical__ticker_KO,0.0008502694
classification,forward_12w_positive,random_forest_classifier,feature_importance,categorical__ticker_MA,0.0245282097
classification,forward_12w_positive,random_forest_classifier,feature_importance,categorical__ticker_MCD,0.0010686481
classification,forward_12w_positive,random_forest_classifier,feature_importance,categorical__ticker_META,0.0038983621
classification,forward_12w_positive,random_forest_classifier,feature_importance,categorical__ticker_MRK,0.0
classification,forward_12w_positive,random_forest_classifier,feature_importance,categorical__ticker_MSFT,0.0427222384
classification,forward_12w_positive,random_forest_classifier,feature_importance,categorical__ticker_MU,0.00152269
classification,forward_12w_positive,random_forest_classifier,feature_importance,categorical__ticker_NKE,0.0029161985
classification,forward_12w_positive,random_forest_classifier,feature_importance,categorical__ticker_NVDA,0.0324456355
classification,forward_12w_positive,random_forest_classifier,feature_importance,categorical__ticker_PEP,0.0001747651
classification,forward_12w_positive,random_forest_classifier,feature_importance,categorical__ticker_PG,0.0
classification,forward_12w_positive,random_forest_classifier,feature_importance,categorical__ticker_QCOM,0.0160530324
classification,forward_12w_positive,random_forest_classifier,feature_importance,categorical__ticker_SBUX,0.0
classification,forward_12w_positive,random_forest_classifier,feature_importance,categorical__ticker_TCEHY,0.0154764147
classification,forward_12w_positive,random_forest_classifier,feature_importance,categorical__ticker_TM,0.0001551056
classification,forward_12w_positive,random_forest_classifier,feature_importance,categorical__ticker_TSM,0.0001856019
classification,forward_12w_positive,random_forest_classifier,feature_importance,categorical__ticker_UNH,0.005654006
classification,forward_12w_positive,random_forest_classifier,feature_importance,categorical__ticker_V,0.024055228
classification,forward_12w_positive,random_forest_classifier,feature_importance,categorical__ticker_WMT,0.0
